nid,firstname,lastname,username,email,organization,designation,password
NID001,John,Doe,NID001,NID001@example.com,Employer Instution,Software Engineer,NID001
NID002,Jane,Smith,NID002,NID002@example.com,Employer Instution,Project Manager,NID002
NID003,Michael,Johnson,NID003,NID003@example.com,Employer Instution,Data Analyst,NID003
NID004,Emily,Williams,NID004,NID004@example.com,Employer Instution,UX Designer,NID004
NID005,David,Brown,NID005,NID005@example.com,Employer Instution,HR Manager,NID005
NID006,Linda,Davis,NID006,NID006@example.com,Employer Instution,Marketing Executive,NID006
NID007,James,Miller,NID007,NID007@example.com,Employer Instution,Product Owner,NID007
NID008,Elizabeth,Wilson,NID008,NID008@example.com,Employer Instution,Chief Technology Officer,NID008
NID009,Robert,Moore,NID009,NID009@example.com,Employer Instution,Software Architect,NID009
NID010,Patricia,Taylor,NID010,NID010@example.com,Employer Instution,Quality Assurance Lead,NID010
NID011,Daniel,Anderson,NID011,NID011@example.com,Employer Instution,Data Scientist,NID011
NID012,Jessica,Thomas,NID012,NID012@example.com,Employer Instution,Customer Support Specialist,NID012
NID013,William,Jackson,NID013,NID013@example.com,Employer Instution,Full-stack Developer,NID013
NID014,Mary,White,NID014,NID014@example.com,Employer Instution,Chief Marketing Officer,NID014
NID015,Charles,Harris,NID015,NID015@example.com,Employer Instution,System Administrator,NID015
NID016,Joseph,Martin,NID016,NID016@example.com,Employer Instution,Operations Manager,NID016
NID017,Susan,Garcia,NID017,NID017@example.com,Employer Instution,Web Developer,NID017
NID018,Thomas,Martinez,NID018,NID018@example.com,Employer Instution,Sales Director,NID018
NID019,Christopher,Roberts,NID019,NID019@example.com,Employer Instution,Product Designer,NID019
NID020,Deborah,Clark,NID020,NID020@example.com,Employer Instution,Lead Front-end Developer,NID020
NID021,Megan,Lewis,NID021,NID021@example.com,Employer Instution,IT Specialist,NID021
NID022,Brian,Young,NID022,NID022@example.com,Employer Instution,Customer Success Manager,NID022
NID023,Amy,Walker,NID023,NID023@example.com,Employer Instution,Account Executive,NID023
NID024,Mark,Hall,NID024,NID024@example.com,Employer Instution,Network Engineer,NID024
NID025,Nancy,Allen,NID025,NID025@example.com,Employer Instution,Product Manager,NID025
NID026,Steven,Sanchez,NID026,NID026@example.com,Employer Instution,Cloud Engineer,NID026
NID027,Rebecca,King,NID027,NID027@example.com,Employer Instution,Security Analyst,NID027
NID028,Kevin,Wright,NID028,NID028@example.com,Employer Instution,Software Tester,NID028
NID029,Laura,Lopez,NID029,NID029@example.com,Employer Instution,UX/UI Designer,NID029
NID030,Jason,Scott,NID030,NID030@example.com,Employer Instution,Content Strategist,NID030
NID031,Jessica,Green,NID031,NID031@example.com,Employer Instution,SEO Specialist,NID031
NID032,Matthew,Adams,NID032,NID032@example.com,Employer Instution,Backend Developer,NID032
NID033,Patricia,Baker,NID033,NID033@example.com,Employer Instution,Marketing Manager,NID033
NID034,Andrew,Gonzalez,NID034,NID034@example.com,Employer Instution,Database Administrator,NID034
NID035,Lisa,Lopez,NID035,NID035@example.com,Employer Instution,Customer Success Lead,NID035
NID036,Mary,Martinez,NID036,NID036@example.com,Employer Instution,HR Specialist,NID036
NID037,Joshua,Garcia,NID037,NID037@example.com,Employer Instution,Team Lead,NID037
NID038,Paul,Mitchell,NID038,NID038@example.com,Employer Instution,Senior Developer,NID038
NID039,Susan,Roberts,NID039,NID039@example.com,Employer Instution,Operations Specialist,NID039
NID040,Rachel,White,NID040,NID040@example.com,Employer Instution,Technical Writer,NID040
NID041,George,Green,NID041,NID041@example.com,Employer Instution,Software Development Manager,NID041
NID042,Katherine,Clark,NID042,NID042@example.com,Employer Instution,Cloud Solutions Architect,NID042
NID043,Brenda,Turner,NID043,NID043@example.com,Employer Instution,Product Owner,NID043
NID044,Michael,Adams,NID044,NID044@example.com,Employer Instution,HR Coordinator,NID044
NID045,Joshua,Williams,NID045,NID045@example.com,Employer Instution,Backend Developer,NID045
NID046,Amanda,Scott,NID046,NID046@example.com,Employer Instution,Data Analyst,NID046
NID047,Matthew,Evans,NID047,NID047@example.com,Employer Instution,Software Engineer,NID047
NID048,Jessica,Carter,NID048,NID048@example.com,Employer Instution,Front-end Developer,NID048
NID049,David,Diaz,NID049,NID049@example.com,Employer Instution,Project Coordinator,NID049
NID050,Thomas,Bell,NID050,NID050@example.com,Employer Instution,Senior Developer,NID050
NID051,Megan,Lee,NID051,NID051@example.com,Employer Instution,Cloud Developer,NID051
NID052,Robert,Carter,NID052,NID052@example.com,Employer Instution,Security Engineer,NID052
NID053,Paul,King,NID053,NID053@example.com,Employer Instution,Web Designer,NID053
NID054,Daniel,Evans,NID054,NID054@example.com,Employer Instution,Data Scientist,NID054
NID055,Elizabeth,Adams,NID055,NID055@example.com,Employer Instution,QA Lead,NID055
NID056,Kevin,Clark,NID056,NID056@example.com,Employer Instution,Content Manager,NID056
NID057,Lisa,Scott,NID057,NID057@example.com,Employer Instution,Support Engineer,NID057
